group,day,no_repeat_prob,ci_low,ci_high,n
on_time,0,1.0,1.0,1.0,85285
on_time,15,0.9960954446854658,0.9956518013449671,0.9964906848722953,85285
on_time,30,0.9937386410271454,0.9931788662659143,0.9942395061450127,85285
on_time,45,0.9920267338922442,0.9913969287039929,0.9925925214169349,85285
on_time,60,0.9904500635322714,0.9897744325821883,0.9910812550955563,85285
on_time,75,0.989173891470734,0.9884549375866882,0.9898483036732296,85285
on_time,90,0.9880712291804485,0.9873154030044844,0.9887822748580295,85285
on_time,105,0.9870943374643789,0.986300951079452,0.9878327696237741,85285
on_time,120,0.9860704647835447,0.9852484583429687,0.9868469725462808,85285
on_time,135,0.985020461371138,0.9841640121954041,0.9858309257929704,85285
on_time,150,0.9842378571640492,0.9833556316883332,0.9850736764515158,85285
on_time,165,0.983410480584266,0.9825008191971577,0.984273234308653,85285
on_time,180,0.9825382723136666,0.9815990408419161,0.9834299686701562,85285
on_time,195,0.9816177737129206,0.980646649985041,0.9825406027462705,85285
on_time,210,0.9807034798377385,0.9797001207705416,0.9816577115493307,85285
on_time,225,0.9800251972461886,0.9789973947647497,0.9810031916401104,85285
on_time,240,0.979290387850648,0.9782353409735296,0.9802948077188526,85285
on_time,255,0.9785988812667802,0.9775174333874658,0.9796288534441766,85285
on_time,270,0.9778845033821972,0.9767746814877113,0.9789418659098914,85285
on_time,285,0.977234745416084,0.9760977299289855,0.9783182764842472,85285
on_time,300,0.9763817362662514,0.9752074015396966,0.9775010908743846,85285
on_time,315,0.975867582102861,0.9746702879942132,0.9770089518757517,85285
on_time,330,0.9753243594979634,0.9741004248792557,0.9764911551345404,85285
on_time,345,0.9744263291037072,0.9731203755884159,0.9756066040647067,85285
on_time,360,0.9738606608562147,0.9725589123098273,0.975101450570409,85285
on_time,375,0.9734780718817747,0.9721542892420304,0.9747397427394994,85285
on_time,390,0.9730251927237463,0.971673808080923,0.9743129610561417,85285
on_time,405,0.9723487948564787,0.9709533249310691,0.9736781354870062,85285
on_time,420,0.9720567442698362,0.9706411726076176,0.9734050012178275,85285
on_time,435,0.9715691877010783,0.9701168585709881,0.9729519212105158,85285
on_time,450,0.9711452342953806,0.9696579393572177,0.9725606613758628,85285
on_time,465,0.9706131270342357,0.969078861518879,0.9720723659073195,85285
on_time,480,0.9703902938366115,0.9688344955509731,0.971869558150243,85285
on_time,495,0.9699707291910492,0.9683699412815446,0.9714916993154845,85285
on_time,510,0.9697695818131482,0.9681434047126702,0.9713139828683909,85285
on_time,525,0.9690668858529375,0.9673404813317454,0.9707034193959608,85285
on_time,540,0.9690668858529375,0.9673404813317454,0.9707034193959608,85285
late,0,1.0,1.0,1.0,7448
late,15,0.9973147153598284,0.9957545995042604,0.9982103011191806,7448
late,30,0.9950322234156819,0.9930663228327633,0.9963370677490091,7448
late,45,0.9931525241675617,0.9909813169951287,0.9947775712499595,7448
late,60,0.9920758813243818,0.9897843229368566,0.9938549984252213,7448
late,75,0.9913833224689257,0.9890042418720753,0.9932494141983742,7448
late,90,0.9900497651142288,0.9874984375214737,0.992082504284511,7448
late,105,0.9891434615390816,0.9863286304786815,0.9911652712419041,7448
late,120,0.9880738548867487,0.9852833816453836,0.990337812146549,7448
late,135,0.9876112463072729,0.9847673229898903,0.9899269299263784,7448
late,150,0.9868367915783425,0.9839055347914102,0.9892371060261267,7448
late,165,0.9861828557844522,0.9831753555363449,0.9886558526447616,7448
late,180,0.9851700750615863,0.9820445957119129,0.9877549005746105,7448
late,195,0.9848253022963951,0.9816598815810346,0.987447882356227,7448
late,210,0.9844615213191399,0.9812518532274848,0.9871253054601055,7448
late,225,0.9838523435734343,0.9805601858046358,0.9865907866031528,7448
late,240,0.9836163511667246,0.9802870329900188,0.9863872902080373,7448
late,255,0.9833241300285291,0.9799371751448553,0.9861433551466788,7448
late,270,0.9833241300285291,0.9799371751448553,0.9861433551466788,7448
late,285,0.9833241300285291,0.9799371751448553,0.9861433551466788,7448
late,300,0.9829612797960462,0.9794855661618016,0.9858523691816615,7448
late,315,0.981800173852823,0.9780368023305394,0.9849236718681406,7448
late,330,0.9813543063805921,0.9774695244366012,0.9845745528647879,7448
late,345,0.9806379893686349,0.9764462321012523,0.9840898437121707,7448
late,360,0.9798439505108465,0.9753006933834611,0.9835585612388364,7448
late,375,0.9798439505108465,0.9753006933834611,0.9835585612388364,7448
late,390,0.9798439505108465,0.9753006933834611,0.9835585612388364,7448
late,405,0.9798439505108465,0.9753006933834611,0.9835585612388364,7448
late,420,0.9798439505108465,0.9753006933834611,0.9835585612388364,7448
late,435,0.9798439505108465,0.9753006933834611,0.9835585612388364,7448
late,450,0.9784961596573238,0.9730350223726317,0.9828610195844676,7448
late,465,0.9784961596573238,0.9730350223726317,0.9828610195844676,7448
late,480,0.9784961596573238,0.9730350223726317,0.9828610195844676,7448
late,495,0.9767105827236422,0.9698922056831004,0.981999171645763,7448
late,510,0.9767105827236422,0.9698922056831004,0.981999171645763,7448
late,525,0.9767105827236422,0.9698922056831004,0.981999171645763,7448
late,540,0.9767105827236422,0.9698922056831004,0.981999171645763,7448
