route,orders,late_rate,low_rate,late_orders,avg_days_late,excess_low_reviews,late_gmv_brl,rank
SP -> RJ,8065,0.1532548047117173,0.2014879107253565,1236.0,12.858108893683326,682.2688720412073,193081.98,1
SP -> SP,30538,0.06169362761150043,0.10717794223590281,1884.0,6.456729242844224,658.7017904572818,278200.55,2
SP -> MG,7390,0.06238159675236807,0.12476319350473614,461.0,7.07301503374307,197.54397625868438,73012.4,3
SP -> BA,2292,0.14703315881326354,0.18193717277486912,337.0,9.519320461039674,162.2223524982359,58983.46,4
SP -> RS,3581,0.07567718514381458,0.1287349902261938,271.0,10.0205680265136,131.14083933135745,42464.61,5
SP -> SC,2306,0.10928013876843018,0.14960971379011276,252.0,7.2405987746178715,113.12336036558898,35067.01,6
SP -> ES,1444,0.13850415512465375,0.14473684210526316,200.0,9.10337199074074,91.21593065274097,28497.86,7
SP -> CE,964,0.15145228215767634,0.16804979253112035,146.0,13.036611888001016,75.52488358822895,26990.03,8
PR -> RJ,956,0.13598326359832635,0.1997907949790795,130.0,13.665930377492879,66.70253092356985,22332.18,9
SP -> PR,3104,0.05283505154639175,0.11887886597938144,164.0,7.97017474028907,65.96876012001093,25739.55,10
SP -> PE,1119,0.1063449508489723,0.15370866845397677,119.0,11.360398381574852,62.01849046249594,23438.94,11
SP -> GO,1414,0.09052333804809053,0.14073550212164074,128.0,9.627543583622685,55.299471740930755,17721.34,12
RJ -> SP,1313,0.08987052551408987,0.13404417364813404,118.0,9.618479676710608,54.10601171515994,30969.73,13
SP -> MA,488,0.2069672131147541,0.22336065573770492,101.0,9.779342684268427,52.2022034756244,22089.75,14
MG -> RJ,1130,0.0920353982300885,0.1336283185840708,104.0,11.82755642361111,51.894000298434165,17191.37,15
SP -> PA,674,0.12759643916913946,0.18100890207715134,86.0,11.04213164836348,48.56135639210385,16581.24,16
SP -> DF,1374,0.08296943231441048,0.1477438136826783,114.0,6.017486293859649,47.33555568826444,14190.78,17
MG -> SP,2536,0.04219242902208202,0.09818611987381703,107.0,9.270015251817238,44.80227831515231,20409.55,18
PR -> SP,2911,0.03469598076262453,0.09996564754379939,101.0,9.382165956178952,44.451614336592684,18763.22,19
SP -> AL,253,0.25691699604743085,0.24110671936758893,65.0,9.189170762108263,35.2630439171051,11318.86,20
SP -> MS,476,0.14495798319327732,0.15336134453781514,69.0,7.940947899892645,29.37084092663928,11227.16,21
SP -> PI,325,0.18153846153846154,0.16923076923076924,59.0,13.839414234149404,28.92709560824492,11355.46,22
SC -> SP,1310,0.04351145038167939,0.11908396946564885,57.0,9.110450982781026,26.99833293171483,12890.65,23
SC -> RJ,463,0.09935205183585313,0.17926565874730022,46.0,15.417060185185184,24.921481551742442,15748.38,24
SP -> SE,208,0.16346153846153846,0.1971153846153846,34.0,16.58994553376906,20.56062375759809,8808.98,25
RJ -> RJ,944,0.0635593220338983,0.09957627118644068,60.0,8.858730709876543,19.67840032538444,10871.109999999999,26
SP -> MT,645,0.06356589147286822,0.12248062015503876,41.0,9.562825485546522,19.600344819085336,7276.04,27
MG -> BA,364,0.10164835164835165,0.13186813186813187,37.0,17.75579767267267,19.065037729450683,5671.46,28
MG -> MG,1519,0.031599736668861095,0.08624094799210007,48.0,8.555814043209876,17.989266366325957,7969.7,29
PR -> MG,817,0.051407588739290085,0.1175030599755202,42.0,10.064969962522046,17.76380018880107,8731.07,30
SP -> PB,333,0.10810810810810811,0.15915915915915915,36.0,7.8726871141975305,17.157552357075947,7056.91,31
SP -> RN,329,0.11854103343465046,0.1337386018237082,39.0,12.711751246438746,17.031787354227358,8414.55,32
RJ -> MG,545,0.06788990825688074,0.10642201834862386,37.0,8.172876626626627,13.40514872880589,5443.31,33
PR -> RS,580,0.05172413793103448,0.1,30.0,8.271583333333334,12.901401393272705,3492.36,34
PR -> SC,389,0.06426735218508997,0.10025706940874037,25.0,8.980162037037037,11.624959854624414,5469.639999999999,35
RJ -> PR,201,0.0845771144278607,0.17412935323383086,17.0,9.393242102396513,8.96142442691851,4319.54,36
PR -> PR,708,0.043785310734463276,0.07909604519774012,31.0,3.2528722371565113,8.585418750522292,4893.7,37
SC -> MG,424,0.05188679245283019,0.13679245283018868,22.0,9.667715698653199,8.272459547870033,6098.2699999999995,38
RS -> RJ,236,0.0847457627118644,0.15254237288135594,20.0,10.473726851851852,8.25265217283417,5809.22,39
MG -> RS,276,0.050724637681159424,0.11594202898550725,14.0,10.352096560846562,6.972792609217864,2578.5,40
MG -> SC,250,0.084,0.124,21.0,7.856467151675485,6.671132365716921,2369.72,41
SC -> SC,255,0.06274509803921569,0.08235294117647059,16.0,6.233069299768519,5.589098631731478,4065.32,42
SC -> RS,291,0.058419243986254296,0.10652920962199312,17.0,5.187471405228758,4.820829051761285,3628.86,43
RS -> RS,287,0.05226480836236934,0.041811846689895474,15.0,4.786753858024692,4.315480983365992,3822.77,44
DF -> SP,307,0.029315960912052116,0.10749185667752444,9.0,8.167563014403292,3.776777350515683,947.88,45
RS -> SP,664,0.022590361445783132,0.07379518072289157,15.0,16.123202932098764,3.5874579866577636,5828.39,46
SC -> PR,283,0.03180212014134275,0.07420494699646643,9.0,6.779722222222222,3.282681652783404,1787.83,47
MG -> PR,363,0.01928374655647383,0.07988980716253444,7.0,5.456236772486773,2.570352472165804,1265.6,48
