customer_state,orders,late_rate,low_rate,late_orders,avg_days_late,excess_low_reviews,late_gmv_brl,rank
RJ,12211,0.13291294734255998,0.18327737286053558,1623,12.784620672736816,869.4876126657314,272064.97,1
SP,40266,0.0583370585605722,0.10686435205880893,2349,6.9962557796461855,858.0993398561644,378867.78,2
MG,11285,0.05511741249446168,0.11750110766504208,622,7.474156171847088,258.3054698430104,103544.65,3
BA,3229,0.13719417776401363,0.17002167853824712,443,10.96070680231586,216.8722994219782,82636.66,4
RS,5326,0.07097258730754788,0.11922643634998123,378,9.361395686360964,175.43617581881773,61666.4,5
SC,3519,0.09633418584825235,0.12986643932935493,339,7.405796972304163,147.08261189307402,51707.03,6
ES,1969,0.11884205180294566,0.13814118842051804,234,9.730823688271604,107.22457358490797,35548.83,7
CE,1273,0.15239591516103693,0.17124901806755696,194,14.188393888411609,101.94196965719085,39531.18,8
PR,4900,0.049183673469387755,0.10877551020408163,241,7.28952013216536,95.24039252914291,41794.53,9
PE,1579,0.10639645345155162,0.1481950601646612,168,11.110004753637567,84.56103335128122,34383.94,10
MA,712,0.19241573033707865,0.199438202247191,137,10.036839432954853,67.59642611234534,30901.54,11
GO,1946,0.07965056526207605,0.131551901336074,155,9.692720131421744,67.21166740076077,25104.43,12
DF,2070,0.07101449275362319,0.1323671497584541,147,6.638817554799698,61.69021675514459,20475.66,13
PA,933,0.1189710610932476,0.1789924973204716,111,12.298163997330663,61.38861705748187,22863.81,14
AL,394,0.233502538071066,0.2131979695431472,92,9.340492527173913,47.21512861082987,22323.95,15
PI,471,0.1592356687898089,0.1613588110403397,75,12.383243209876543,34.27450449656146,15318.47,16
MS,699,0.11587982832618025,0.13304721030042918,81,7.668138002972109,33.751595217183755,14846.01,17
SE,334,0.1497005988023952,0.18862275449101795,50,17.097655092592593,29.2284404266448,11576.789999999999,18
PB,512,0.107421875,0.1484375,55,9.545454124579125,28.02284213993526,11682.16,19
MT,879,0.06598407281001138,0.12741751990898748,58,9.41911258780332,27.17465028287217,11175.14,20
RN,471,0.10615711252653928,0.12951167728237792,50,13.31514675925926,23.82839712122892,9897.03,21
TO,273,0.1282051282051282,0.12087912087912088,35,5.651584325396826,13.549213697095656,7920.26,22
RO,242,0.028925619834710745,0.11983471074380166,7,6.176311177248677,2.984175591349603,1215.87,23
AM,144,0.041666666666666664,0.13194444444444445,6,20.895528549382714,2.3415036327827536,1275.3000000000002,24
