category_grp,orders,late_rate,low_rate,late_orders,avg_days_late,excess_low_reviews,late_gmv_brl,rank
bed_bath_table,9093,0.08633014406686462,0.15814362696579787,785,9.928905874026894,376.88464808030733,107744.2,1
health_beauty,8567,0.08836232053227501,0.11345862028714836,757,8.899709470864524,328.6185499633644,125968.62,2
sports_leisure,7448,0.07706766917293233,0.11197636949516648,574,9.809602388211383,261.83780654386885,97669.94,3
furniture_decor,6143,0.08530034185251506,0.14846166368223995,524,9.86912883004665,238.24008033334638,82706.36,4
other,7270,0.07524071526822558,0.1233837689133425,547,9.246272153666464,236.39585620410824,114679.52,5
computers_accessories,6480,0.07608024691358024,0.14506172839506173,493,9.09838397284201,225.8105746446311,84696.57,6
watches_gifts,5436,0.08388520971302428,0.1364974245768948,456,9.10504271747076,213.62749159285957,110960.61,7
housewares,5646,0.06907545164718384,0.11565710237336167,390,8.812307603276352,158.74204522691457,56665.53,8
telephony,4049,0.08495924919733268,0.13929365275376637,344,8.46342683435616,152.93909735854555,34789.81,9
auto,3774,0.08558558558558559,0.12798092209856915,323,10.565802158582732,145.48919829554237,77817.55,10
toys,3757,0.07319669949427735,0.11312217194570136,275,9.643458164983166,126.27646932890107,39723.82,11
baby,2735,0.09104204753199269,0.13784277879341864,249,10.347921826193664,120.94759799572651,47991.590000000004,12
garden_tools,3382,0.07983441750443525,0.11738616203429923,270,9.021840449245541,113.56956828991592,44568.159999999996,13
cool_stuff,3502,0.06710451170759565,0.10908052541404911,235,10.704210352639874,105.56083339681174,54835.27,14
perfumery,3059,0.07388035305655442,0.11572409284079764,226,10.449436147984267,105.02061993900621,33585.96,15
electronics,2484,0.09863123993558776,0.13043478260869565,245,7.945809476568406,100.4662953347544,24193.08,16
stationery,2231,0.07754370237561632,0.09681757059614522,173,10.65209791800471,70.29522140485429,21403.48,17
unknown,1374,0.08879184861717612,0.16666666666666666,122,9.096268120066789,57.71407778990398,19966.64,18
office_furniture,1241,0.09024979854955681,0.2191780821917808,112,12.191679790839947,55.332381921205815,30011.05,19
fashion_bags_accessories,1802,0.0660377358490566,0.10099889012208657,119,9.320426392779334,48.72090234295274,10877.75,20
pet_shop,1673,0.06096832038254633,0.10520023909145249,102,7.085487018881627,43.877618604848436,14953.34,21
consoles_games,1004,0.0796812749003984,0.11055776892430279,80,9.222607783564815,31.644202545177517,16518.66,22
construction_tools_construction,719,0.09040333796940195,0.12656467315716272,65,10.23506339031339,27.6891547639434,13550.83,23
musical_instruments,601,0.08985024958402663,0.11480865224625623,54,11.253207518861453,21.985851763295084,19859.09,24
luggage_accessories,1009,0.053518334985133795,0.08126858275520317,54,7.443722779492455,21.10473934463115,8622.88,25
home_appliances,744,0.06720430107526881,0.11021505376344086,50,5.129473379629629,16.898153776408783,7591.6,26
small_appliances,601,0.06156405990016639,0.11314475873544093,37,7.25486768018018,14.009372065604166,10302.52,27
