seller_id,orders,late_rate,low_rate,late_orders,avg_days_late,excess_low_reviews,late_gmv_brl,rank,seller_state
4a3ca931,1703,0.11156782149148561,0.17733411626541398,190.0,10.69415259502924,100.86244785057221,26387.97,1,SP
4869f7a5,1106,0.11573236889692586,0.12477396021699819,128.0,9.006229021990741,66.73903754416477,29158.899999999998,2,SP
1f50f920,1370,0.10583941605839416,0.13211678832116788,145.0,9.186329821200511,64.91083184947418,13491.58,3,SP
ea8482cd,1116,0.10483870967741936,0.1424731182795699,117.0,7.38735962725546,50.34249312977449,5721.04,4,SP
7c67e144,966,0.09937888198757763,0.2546583850931677,96.0,11.975795838155863,49.61933087881564,22373.98,5,SP
da8622b1,1288,0.07453416149068323,0.11335403726708075,96.0,10.59482795621142,43.59060264280416,13917.58,6,SP
6560211a,1787,0.063794068270845,0.15668718522663683,114.0,7.081449602014295,43.44925581765276,9267.17,7,SP
8b321bb6,914,0.1050328227571116,0.13566739606126915,96.0,8.936425298996914,42.930115713190474,3231.19,8,SP
cc419e06,1643,0.06147291539866099,0.12903225806451613,101.0,7.449061354052072,41.510180117649384,8474.52,9,SP
955fee92,1247,0.07698476343223737,0.10024057738572574,96.0,7.262472632137346,39.93613434343512,13327.22,10,SP
7d13fca1,553,0.12296564195298372,0.16998191681735986,68.0,11.451141748366013,38.898406548489845,16341.48,11,SP
06a2c3af,384,0.2265625,0.15885416666666666,87.0,7.26740301724138,36.18443572993934,10181.66,12,MA
1025f0e2,885,0.10282485875706214,0.16497175141242937,91.0,5.920408653846153,34.80805689635703,17700.35,13,SP
620c87c1,712,0.09831460674157304,0.11095505617977527,70.0,9.853876984126984,34.082090979352806,10403.38,14,RJ
3d871de0,1042,0.05950095969289827,0.09980806142034548,62.0,10.0548159348865,29.944471604815014,7770.08,15,SP
7a67c85e,1125,0.059555555555555556,0.09333333333333334,67.0,11.926067233278054,28.68297437950464,9525.130000000001,16,SP
fa1c13f2,572,0.0979020979020979,0.09615384615384616,56.0,10.427276785714286,27.90211248124342,16055.95,17,SP
81602554,369,0.16260162601626016,0.15989159891598917,60.0,11.186940779320988,27.376156435545987,9120.27,18,SP
88460e8e,231,0.20346320346320346,0.29004329004329005,47.0,9.090042848699763,24.641016336538605,7827.84,19,PR
391fc663,498,0.10642570281124498,0.14056224899598393,53.0,8.616323156883299,23.92319247445995,5341.99,20,SP
1835b56c,397,0.12342569269521411,0.22670025188916876,49.0,9.06997330876795,23.899642964368567,4156.72,21,SP
855668e0,293,0.13651877133105803,0.20136518771331058,40.0,9.61870630787037,21.5787307722847,6599.41,22,SP
e5a34388,212,0.18867924528301888,0.16981132075471697,40.0,11.101815972222223,20.34136474782172,2051.75,23,SP
e9779976,633,0.07266982622432859,0.10268562401263823,46.0,10.621101549919484,20.074500330262094,3884.99,24,SP
218d46b8,374,0.0962566844919786,0.11764705882352941,36.0,12.32396829989712,19.07199393441789,5677.18,25,SP
a1043baf,698,0.05730659025787966,0.09455587392550144,40.0,8.439577835648148,18.93876514696679,7604.12,26,MG
8581055c,376,0.10106382978723404,0.09574468085106383,38.0,10.164069809941521,18.564841493678525,6723.06,27,SP
cca3071e,671,0.05514157973174367,0.17585692995529062,37.0,13.340189877377378,18.328447742422433,4134.2,28,SP
1900267e,360,0.11388888888888889,0.16944444444444445,41.0,8.381186483739837,17.96913159559713,3170.07,29,SP
4e922959,408,0.1053921568627451,0.18137254901960784,43.0,6.655494993540052,17.56937379158942,6844.99,30,SP
77530e97,304,0.11842105263157894,0.14144736842105263,36.0,9.756767618312757,16.485127312837886,6481.25,31,PR
f7ba60f8,216,0.1574074074074074,0.09722222222222222,34.0,9.52363936546841,16.447518960774904,12267.91,32,SP
70a12e78,309,0.11003236245954692,0.19741100323624594,34.0,7.9331474673202615,16.141598279034127,4874.48,33,SP
16090f2c,395,0.10886075949367088,0.13164556962025317,43.0,8.051514588716623,16.06927442212025,3938.3500000000004,34,SP
897060da,297,0.1111111111111111,0.22895622895622897,33.0,7.819219626823793,16.065420765545486,2712.75,35,SP
c3867b46,220,0.11818181818181818,0.15454545454545454,26.0,12.915623664529914,15.120731296755132,4532.56,36,SP
c826c40d,345,0.0927536231884058,0.14202898550724638,32.0,7.493187934027778,14.617270261958982,4681.37,37,SP
ef506c96,310,0.08387096774193549,0.15806451612903225,26.0,12.056289173789175,14.226847279452002,1374.6,38,SP
7aa4334b,213,0.13615023474178403,0.14084507042253522,29.0,9.042439335887613,14.114271395747714,2880.89,39,SP
54965bbe,69,0.2898550724637681,0.4057971014492754,20.0,29.68940625,13.913497708640806,3783.55,40,PR
46dc3b2c,496,0.06451612903225806,0.10887096774193548,32.0,9.227173755787037,13.9103526217452,8667.38,41,RJ
f8db351d,646,0.05263157894736842,0.08978328173374613,34.0,6.708832380174292,13.853432769609112,3613.75,42,SP
7ddcbb64,321,0.08411214953271028,0.14953271028037382,27.0,12.665045867626885,13.843687996756909,6257.26,43,SP
fe2032da,287,0.08710801393728224,0.09059233449477352,25.0,13.787259259259258,13.608764212394531,6244.4400000000005,44,SP
634964b1,262,0.10305343511450382,0.1450381679389313,27.0,10.949087791495199,13.096673673912116,5661.01,45,RJ
12863947,519,0.06358381502890173,0.10404624277456648,33.0,7.052031425364758,13.034655194642923,1469.3,46,PR
d2374cbc,495,0.06060606060606061,0.18585858585858586,30.0,7.009724151234567,12.841392740862565,1784.35,47,SP
7142540d,314,0.08280254777070063,0.14012738853503184,26.0,9.995350783475784,12.466478009331482,5066.32,48,SP
53e4c6e0,454,0.05506607929515418,0.12555066079295155,25.0,12.633790277777777,12.36819515669593,1735.13,49,SP
a49928bc,96,0.2604166666666667,0.40625,25.0,8.501150462962963,12.059291384547127,2608.24,50,SP
2eb70248,183,0.1366120218579235,0.47540983606557374,25.0,7.474096759259259,11.87388633142679,8354.54,51,SP
2138ccb8,382,0.0549738219895288,0.1649214659685864,21.0,9.457879739858907,10.974466364897065,1030.57,52,SP
b2ba3715,319,0.0877742946708464,0.11598746081504702,28.0,8.184389054232804,10.777690127977369,3912.4,53,SP
1ca7077d,107,0.21495327102803738,0.5981308411214953,23.0,5.213540660225442,10.593275710909564,3070.51,54,SP
4c2b2301,251,0.10358565737051793,0.17928286852589642,26.0,8.964443999287749,10.349459155759593,1759.11,55,SP
17e34d82,245,0.08571428571428572,0.11020408163265306,21.0,11.580388558201058,10.287950860273057,6718.83,56,SP
712e6ed8,76,0.21052631578947367,0.35526315789473684,16.0,19.30317708333333,10.163728536522203,9692.06,57,SC
fa40cc5b,301,0.06312292358803986,0.06976744186046512,19.0,12.057631578947369,9.93286638454855,1236.6,58,SP
dc4a0fc8,222,0.06756756756756757,0.20270270270270271,15.0,11.258715277777778,9.891346316591855,2091.48,59,SP
8f2ce03f,150,0.14666666666666667,0.12,22.0,9.00621632996633,9.882813025681454,3664.3,60,SP
b499c00f,144,0.13194444444444445,0.09027777777777778,19.0,9.7493475877193,9.86615232419418,1469.26,61,SP
7040e82f,201,0.09950248756218906,0.25870646766169153,20.0,6.996855902777779,9.822401487553197,1280.75,62,SP
2c9e548b,122,0.1557377049180328,0.13114754098360656,19.0,15.839203825536064,9.748307192245107,1452.81,63,SP
5dceca12,316,0.06329113924050633,0.189873417721519,20.0,8.291625,9.742699547383884,9791.77,64,SP
cd68562d,121,0.17355371900826447,0.1652892561983471,21.0,8.681094576719577,9.740832172692434,4591.13,65,SP
0dd18406,159,0.11949685534591195,0.1320754716981132,19.0,12.445742568226121,9.337809219348088,2632.06,66,SP
37515688,220,0.10454545454545454,0.1,23.0,9.134934078099839,9.301573860180314,1018.13,67,SP
54a1852d,197,0.09644670050761421,0.08121827411167512,19.0,11.380966739766082,9.15946934001274,2041.3600000000001,68,SP
d91fb3b7,520,0.06153846153846154,0.13846153846153847,32.0,3.3712373408564815,9.105738808745024,2717.93,69,SP
dd7ddc04,116,0.16379310344827586,0.1724137931034483,19.0,6.7855439814814815,9.014155719248139,2442.57,70,SP
7ad32824,141,0.1276595744680851,0.18439716312056736,18.0,7.383116640946501,8.973255072747817,4151.22,71,SP
7e1fb0a3,153,0.12418300653594772,0.10457516339869281,19.0,7.260317373294347,8.918714753441177,3632.34,72,SP
4d6d651b,361,0.04709141274238227,0.11634349030470914,17.0,8.898470179738563,8.869254574053917,2344.69,73,SP
1554a685,242,0.06611570247933884,0.09917355371900827,16.0,18.227180989583335,8.565409115438104,2116.2400000000002,74,MG
522620dc,169,0.10059171597633136,0.1893491124260355,17.0,7.881805555555555,8.485527612456105,6803.26,75,PR
9f505651,388,0.05154639175257732,0.09278350515463918,20.0,9.804690393518518,8.389608839668163,1451.55,76,SP
d20b021d,73,0.2054794520547945,0.1780821917808219,15.0,16.430317129629632,8.373843239121355,928.91,77,SP
7d76b645,167,0.11976047904191617,0.1377245508982036,20.0,8.359406828703703,8.307922457966946,701.1,78,SP
7e93a43e,318,0.05345911949685535,0.08176100628930817,17.0,15.878188997821349,8.270194428279991,10179.06,79,SP
8b28d096,135,0.1111111111111111,0.13333333333333333,15.0,21.024858796296297,8.21584826149299,1365.3,80,SP
e9bc59e7,203,0.11330049261083744,0.13793103448275862,23.0,6.4516374798711755,8.106858244982108,4870.16,81,PR
431af27f,114,0.15789473684210525,0.22807017543859648,18.0,9.667021604938272,8.075850843988727,2494.63,82,SP
59b22a78,122,0.13114754098360656,0.19672131147540983,16.0,8.379674479166667,8.00976026669767,5442.96,83,MG
92eb0f42,327,0.07951070336391437,0.13761467889908258,26.0,4.749763621794871,7.9843015789289495,836.61,84,SP
ccc4bbb5,183,0.07650273224043716,0.1092896174863388,14.0,15.698607804232804,7.907100314632127,5380.38,85,PR
b2479f94,98,0.14285714285714285,0.30612244897959184,14.0,9.913374669312168,7.836734552685595,887.09,86,SP
b33e7c55,147,0.1292517006802721,0.12244897959183673,19.0,9.311288377192982,7.831598003501579,6785.62,87,SP
d1c281d3,204,0.09313725490196079,0.20588235294117646,19.0,6.947746710526316,7.805262191018334,2247.13,88,SP
beadbee3,63,0.25396825396825395,0.1746031746031746,16.0,7.428870081018518,7.719218085352154,1586.8,89,SP
a416b6a8,157,0.12738853503184713,0.14012738853503184,20.0,5.884747106481481,7.63577122593512,3691.41,90,SP
cac4c8e7,70,0.22857142857142856,0.2714285714285714,16.0,19.561531394675924,7.557243435912557,1008.28,91,SP
cfb1a033,132,0.12878787878787878,0.12878787878787878,17.0,5.542905092592593,7.335152996342834,2423.15,92,SP
cbd996ad,157,0.08917197452229299,0.11464968152866242,14.0,14.171894014550265,7.255380700605204,960.99,93,SP
2e90cb16,126,0.1349206349206349,0.14285714285714285,17.0,5.345717592592592,7.236277154317288,2080.89,94,SP
f45122a9,179,0.0782122905027933,0.16201117318435754,14.0,11.170131448412699,7.157059103215083,1502.89,95,SP
adbc2665,88,0.1590909090909091,0.1590909090909091,14.0,12.47990906084656,7.052332655066226,2129.58,96,PR
6973a06f,82,0.18292682926829268,0.2073170731707317,15.0,5.896708333333334,7.010566316163449,2412.05,97,SP
85d9eb9d,495,0.03636363636363636,0.09090909090909091,18.0,5.357847865226337,6.928649414676066,864.92,98,MG
440dd6ab,91,0.13186813186813187,0.15384615384615385,12.0,12.396494020061729,6.699122390791238,2241.7,99,SP
004c9cd9,154,0.08441558441558442,0.12987012987012986,13.0,8.913452635327635,6.69730196208696,2016.0900000000001,100,SP
c70c1b0d,257,0.08560311284046693,0.08949416342412451,22.0,5.804398148148148,6.64742648509687,3212.17,101,SP
de23c3b9,161,0.09937888198757763,0.10559006211180125,16.0,7.25357421875,6.640687335201397,2374.22,102,SP
f262cbc1,188,0.09042553191489362,0.13829787234042554,17.0,5.877715822440088,6.573304305711049,1088.98,103,SP
6039e272,63,0.2222222222222222,0.19047619047619047,14.0,8.831150793650794,6.518124843259035,4819.98,104,SP
b1fc4f64,104,0.125,0.21153846153846154,13.0,5.1584170227920225,6.407598310464134,1095.23,105,RJ
4b9750c8,215,0.07906976744186046,0.06976744186046512,17.0,11.930481345315904,6.3511583641396685,1614.42,106,SP
9c0e69c7,141,0.11347517730496454,0.09219858156028368,16.0,20.484186197916667,6.346755490184521,3461.44,107,SP
a3a38f4a,247,0.044534412955465584,0.08097165991902834,11.0,15.573288089225588,6.29053297421014,1416.99,108,SC
a6738210,118,0.1016949152542373,0.16101694915254236,12.0,13.900040509259261,6.245898788513491,1203.82,109,SP
891071be,85,0.17647058823529413,0.2,15.0,8.558595679012345,6.117863732678725,1212.41,110,SP
f457c460,186,0.06451612903225806,0.1881720430107527,12.0,10.43870949074074,6.093868993552343,1461.51,111,PR
11bfa663,76,0.15789473684210525,0.2236842105263158,12.0,11.024567901234569,6.060176353797678,774.92,112,SP
e9d99831,128,0.1015625,0.15625,13.0,10.574529024216524,6.002843009594108,671.66,113,SP
729f0699,91,0.12087912087912088,0.10989010989010989,11.0,10.315256734006734,5.938562018689528,5398.08,114,SP
48436dad,133,0.07518796992481203,0.12030075187969924,10.0,18.960034722222225,5.81868405503264,936.3,115,SP
2e1c9f22,159,0.06918238993710692,0.1069182389937107,11.0,8.635488215488216,5.712367338517013,1126.86,116,SP
87142160,303,0.056105610561056105,0.0627062706270627,17.0,5.701417483660131,5.701751420358113,2360.3,117,RS
c9c7905c,126,0.10317460317460317,0.1111111111111111,13.0,8.721231303418802,5.689175564553052,1792.52,118,SP
8d956fec,209,0.10526315789473684,0.09090909090909091,22.0,4.050782828282828,5.65551182609594,1390.32,119,SP
aac29b1b,92,0.09782608695652174,0.09782608695652174,9.0,29.04795010288066,5.646898296068512,857.22,120,MG
bbad7e51,65,0.16923076923076924,0.38461538461538464,11.0,7.890519781144781,5.582447542893355,1149.74,121,SP
b14db04a,75,0.12,0.17333333333333334,9.0,9.26610596707819,5.546732538280308,921.02,122,SP
f84a00e6,87,0.11494252873563218,0.19540229885057472,10.0,12.928421296296296,5.509538400371661,665.95,123,RJ
53243585,346,0.04046242774566474,0.10404624277456648,14.0,8.495744874338625,5.502030506544211,8049.86,124,BA
edb1ef5e,165,0.07878787878787878,0.07272727272727272,13.0,13.208510505698005,5.463148278834172,4825.51,125,RJ
dbc22125,388,0.02577319587628866,0.07474226804123711,10.0,12.270858796296297,5.355873504633574,1072.48,126,MG
0c8380b6,173,0.057803468208092484,0.12138728323699421,10.0,23.399936342592593,5.3558709418218475,1282.6,127,MG
ececbfcf,97,0.10309278350515463,0.13402061855670103,10.0,8.861313657407408,5.348311390689354,755.2,128,SP
25c5c91f,152,0.06578947368421052,0.17763157894736842,10.0,8.010299768518518,5.30764466753072,4898.28,129,MG
1da3aeb7,256,0.05859375,0.12109375,15.0,7.875956018518519,5.279841361763933,721.36,130,SP
00ee6830,133,0.09022556390977443,0.10526315789473684,12.0,10.828601466049383,5.253344740896774,2444.8,131,SP
8e6d7754,82,0.17073170731707318,0.25609756097560976,14.0,10.762768683862435,5.237803564435709,2098.49,132,SP
b5619278,83,0.14457831325301204,0.0963855421686747,12.0,14.178284143518518,5.21372786992606,858.91,133,SP
41b39e28,183,0.06557377049180328,0.12568306010928962,12.0,7.336638695987655,5.1868185531180515,1171.6100000000001,134,SP
f3da5b2f,74,0.14864864864864866,0.1891891891891892,11.0,12.792771464646465,5.15045880532708,840.17,135,SP
900ba814,84,0.13095238095238096,0.08333333333333333,11.0,7.0104250841750835,5.12857841433392,3906.83,136,SP
de722cd6,334,0.041916167664670656,0.08682634730538923,14.0,7.0133978174603175,5.1096161828233635,2288.4900000000002,137,PE
5656537e,171,0.07602339181286549,0.1871345029239766,13.0,8.042126068376067,5.083402988143969,699.03,138,DF
6a8b085f,123,0.08943089430894309,0.10569105691056911,11.0,23.19584175084175,5.066105371710609,739.68,139,SP
76d5af76,125,0.096,0.136,12.0,5.546481481481481,5.054113050134153,3707.06,140,SP
1c129092,188,0.05851063829787234,0.09042553191489362,11.0,5.8539499158249155,5.007754756937029,605.65,141,SP
213b25e6,141,0.09219858156028368,0.15602836879432624,13.0,5.304044693732194,5.005330257503097,1663.3999999999999,142,SP
a3e9a2c7,123,0.0975609756097561,0.15447154471544716,12.0,7.305506365740741,4.974014188704032,1737.1100000000001,143,SP
0be8ff43,154,0.06493506493506493,0.16883116883116883,10.0,9.141519675925926,4.959834486656473,828.36,144,SP
ea566164,50,0.22,0.24,11.0,6.980316708754208,4.950567965405029,6589.9,145,SP
c003204e,195,0.06666666666666667,0.046153846153846156,13.0,9.962687856125358,4.930324506812628,1879.83,146,SP
001cca7a,192,0.0625,0.140625,12.0,8.482443094135801,4.865583335971925,1775.78,147,ES
f84fa566,89,0.1348314606741573,0.11235955056179775,12.0,6.216209490740741,4.862426673523214,783.5699999999999,148,SP
972d0f9c,78,0.11538461538461539,0.4230769230769231,9.0,9.56667695473251,4.834051714231807,1182.24,149,SC
04308b1e,92,0.11956521739130435,0.1956521739130435,11.0,8.870562920875422,4.770502519812057,7078.22,150,SC
05f51e13,57,0.15789473684210525,0.14035087719298245,9.0,9.39244598765432,4.685785497449933,2501.32,151,MG
5d0363b3,93,0.08602150537634409,0.11827956989247312,8.0,11.695339988425927,4.684757820267366,777.38,152,SP
3c7c4a49,136,0.08088235294117647,0.27205882352941174,11.0,11.589662247474747,4.657071577150041,469.36,153,SP
b17b679f,50,0.18,0.16,9.0,8.764669495884773,4.605361614816608,804.91,154,SP
4830e406,200,0.07,0.105,14.0,5.291987433862434,4.597761849144588,958.66,155,SP
ba143b05,83,0.1566265060240964,0.08433734939759036,13.0,6.426824252136752,4.592468096524733,1095.03,156,SP
850f4f8a,182,0.06593406593406594,0.08791208791208792,12.0,6.064394290123457,4.58144514122048,2244.27,157,SP
7299e27e,332,0.04819277108433735,0.06626506024096386,16.0,8.763757233796296,4.514865792443346,2813.99,158,MG
f5a590cf,113,0.10619469026548672,0.10619469026548672,12.0,9.637322530864198,4.482502694803775,7927.54,159,SP
e5a38146,118,0.0847457627118644,0.16101694915254236,10.0,10.52525,4.444046091663356,1980.72,160,SP
527801b5,89,0.0898876404494382,0.07865168539325842,8.0,7.576511863425926,4.392600811891441,1993.1999999999998,161,SP
5058e8c1,58,0.13793103448275862,0.27586206896551724,8.0,13.482672164351852,4.3774535224397395,1901.44,162,SP
ce7d1888,78,0.08974358974358974,0.16666666666666666,7.0,16.186170634920636,4.3544193507312805,1262.83,163,MG
ceaec554,195,0.05641025641025641,0.11282051282051282,11.0,9.546031144781145,4.345584611604648,2928.34,164,SP
1eade46f,58,0.13793103448275862,0.08620689655172414,8.0,11.545499131944444,4.340987105828778,675.88,165,SP
669ae818,159,0.0440251572327044,0.11320754716981132,7.0,13.757058531746031,4.308595189404028,669.2,166,SC
813348c9,168,0.05357142857142857,0.1488095238095238,9.0,8.790213477366255,4.296102042702207,696.8000000000001,167,SP
0241d4d5,231,0.06060606060606061,0.09090909090909091,14.0,7.655625826719577,4.280621994925307,2094.96,168,PR
6fd52c52,66,0.13636363636363635,0.36363636363636365,9.0,5.933802726337449,4.171502008854146,1065.02,169,SP
3b152885,98,0.061224489795918366,0.11224489795918367,6.0,9.87470100308642,4.157763602470605,1017.86,170,SP
3db66a85,94,0.11702127659574468,0.10638297872340426,11.0,5.413154461279461,4.084836127737365,1182.78,171,MG
ef0ace09,127,0.08661417322834646,0.07086614173228346,11.0,14.336188973063974,4.043870600712897,1519.78,172,RJ
056b4ada,63,0.09523809523809523,0.12698412698412698,6.0,25.89921489197531,3.9823543054168073,2011.94,173,RJ
562fc2f2,250,0.036,0.092,9.0,9.956976594650207,3.939393427333421,420.1,174,SP
c31eff83,117,0.1452991452991453,0.1794871794871795,17.0,3.0492401960784314,3.9330189023145112,1874.0900000000001,175,SP
6edacfd9,199,0.06030150753768844,0.07537688442211055,12.0,4.10686149691358,3.9176477171580015,1010.95,176,SP
2528513d,152,0.05263157894736842,0.1513157894736842,8.0,11.423726851851852,3.8990678246742494,2163.86,177,SP
9b013e03,167,0.059880239520958084,0.11976047904191617,10.0,6.697121527777777,3.881702400654173,896.17,178,SP
66922902,148,0.06756756756756757,0.0472972972972973,10.0,6.115555555555556,3.8794091485597666,1186.37,179,MG
18a349e7,106,0.0660377358490566,0.25471698113207547,7.0,10.890214947089946,3.8116942684627757,385.6,180,SP
99eaacc9,63,0.1111111111111111,0.1746031746031746,7.0,8.49675925925926,3.7566839789456443,1823.15,181,SP
23613d49,61,0.16393442622950818,0.19672131147540983,10.0,5.618618055555555,3.7445650132122856,636.51,182,SP
6d66611d,160,0.05625,0.15,9.0,5.146545781893004,3.7432662215192316,1280.31,183,SP
42b729f8,101,0.07920792079207921,0.0594059405940594,8.0,7.900257523148149,3.7362694718049685,457.04,184,SP
37be5a7c,266,0.02631578947368421,0.09022556390977443,7.0,9.778864087301587,3.72856531354143,1396.37,185,SP
bd0389da,86,0.08139534883720931,0.10465116279069768,7.0,18.137488425925927,3.6777570218540623,732.77,186,DF
7e3f87d1,91,0.12087912087912088,0.10989010989010989,11.0,7.728147095959597,3.66747946616841,758.75,187,SP
70eea00b,104,0.07692307692307693,0.0673076923076923,8.0,9.847732928240742,3.5881118844487654,2312.1,188,SP
1d8dbc4f,88,0.09090909090909091,0.14772727272727273,8.0,17.02053385416667,3.5790796199363855,1149.63,189,PR
f4649062,80,0.125,0.2375,10.0,6.600267361111112,3.5381204553105663,718.66,190,SP
5343d064,65,0.1076923076923077,0.2,7.0,7.394955357142857,3.5315615043846287,1462.72,191,SP
d05ae8f7,76,0.09210526315789473,0.21052631578947367,7.0,9.868458994708996,3.515596446281689,1140.09,192,RJ
a420f60f,64,0.09375,0.140625,6.0,13.10483989197531,3.49924827559209,839.3299999999999,193,SP
e62b2d6a,58,0.1206896551724138,0.15517241379310345,7.0,8.220699404761904,3.4824732342254534,660.85,194,SP
75d34ebb,57,0.15789473684210525,0.19298245614035087,9.0,8.259497170781893,3.4105491155375898,2255.32,195,BA
79ebd9a6,132,0.06060606060606061,0.12878787878787878,8.0,5.549188368055556,3.4079983366111852,1062.07,196,PR
1c68394e,139,0.03597122302158273,0.15827338129496402,5.0,21.210240740740737,3.4001517367420915,829.2,197,PR
59fb871b,123,0.06504065040650407,0.07317073170731707,8.0,4.958959780092592,3.3938682045586095,1614.24,198,SP
4371b634,98,0.07142857142857142,0.061224489795918366,7.0,7.477162698412698,3.367029403797548,936.2,199,SP
640e21a7,110,0.07272727272727272,0.06363636363636363,8.0,16.680607638888887,3.3625056652917813,571.81,200,SP
